usuario,pasaporte,correo,nombre,apellido,institucion
dtaylor0,3565164809937928,dtaylor0@deviantart.com,Diane,Taylor,1030
jwebb1,3536958188975482,jwebb1@feedburner.com,John,Webb,1039
vthompson2,3567648319315169,vthompson2@xing.com,Virginia,Thompson,1038
fcook3,3553833536958951,fcook3@yellowpages.com,Frances,Cook,1037
bmarshall4,5602216606523538405,bmarshall4@homestead.com,Beverly,Marshall,1034
wbaker5,3554825745989263,wbaker5@shinystat.com,William,Baker,1020
jbradley6,3571565226273428,jbradley6@phoca.cz,Joshua,Bradley,1039
ngardner7,560225038513214363,ngardner7@simplemachines.org,Nicole,Gardner,1032
dromero8,3543267065801055,dromero8@cnet.com,Debra,Romero,1011
rwagner9,3566033479395551,rwagner9@paginegialle.it,Ruby,Wagner,1019
bjamesa,6759505814398978634,bjamesa@vinaora.com,Billy,James,1017
creidb,3565225326089426,creidb@google.pl,Christine,Reid,1027
swillisc,3569879863498196,swillisc@jugem.jp,Sharon,Willis,1032
cpierced,589398171565528891,cpierced@jigsy.com,Carl,Pierce,1034
dhowelle,3576883763022487,dhowelle@nps.gov,Daniel,Howell,1023
sdavisf,4913357814933067,sdavisf@w3.org,Scott,Davis,1019
rleeg,5108754596774465,rleeg@adobe.com,Rachel,Lee,1016
dperryh,56022422979702687,dperryh@360.cn,Donald,Perry,1037
bjamesi,3536210623825744,bjamesi@mail.ru,Bruce,James,1026
jduncanj,4026827160367130,jduncanj@yahoo.com,Janice,Duncan,1036
estevensk,56022505562035471,estevensk@sakura.ne.jp,Elizabeth,Stevens,1034
lwilliamsonl,3563226242939241,lwilliamsonl@ucoz.ru,Laura,Williamson,1034
draym,5602241535541149,draym@bloglines.com,Deborah,Ray,1033
mmatthewsn,3542161832436645,mmatthewsn@mozilla.org,Mary,Matthews,1017
lrogerso,3583445942851920,lrogerso@china.com.cn,Lori,Rogers,1017
lsanchezp,5100175088033715,lsanchezp@patch.com,Laura,Sanchez,1018
kelliottq,560222108234317945,kelliottq@ustream.tv,Kathleen,Elliott,1036
acoler,5100133396136175,acoler@gravatar.com,Anna,Cole,1014
rfreemans,3536673103823549,rfreemans@imgur.com,Richard,Freeman,1019
acarpentert,3589520433665411,acarpentert@usatoday.com,Adam,Carpenter,1018
dramirezu,3560347967342172,dramirezu@springer.com,Debra,Ramirez,1038
shendersonv,5466751405775648,shendersonv@washington.edu,Sharon,Henderson,1025
fdanielsw,201420219414809,fdanielsw@illinois.edu,Fred,Daniels,1030
jmatthewsx,3569089118628452,jmatthewsx@newsvine.com,Joseph,Matthews,1032
rscotty,3585143834360054,rscotty@nyu.edu,Randy,Scott,1032
rdixonz,3552271754475617,rdixonz@goo.ne.jp,Ronald,Dixon,1038
hnguyen10,3572187012847254,hnguyen10@exblog.jp,Henry,Nguyen,1027
cknight11,3589479883560590,cknight11@flavors.me,Cynthia,Knight,1014
lmartinez12,6334234163539843,lmartinez12@theguardian.com,Lisa,Martinez,1039
sjohnston13,6333410377582195454,sjohnston13@is.gd,Sean,Johnston,1017
twebb14,30372847331631,twebb14@harvard.edu,Timothy,Webb,1027
jfrazier15,376457939730105,jfrazier15@soundcloud.com,Jeremy,Frazier,1014
rfranklin16,4405113883537387,rfranklin16@usgs.gov,Russell,Franklin,1017
pwells17,3589388313647713,pwells17@dropbox.com,Pamela,Wells,1021
rlawrence18,3586220113097794,rlawrence18@usda.gov,Ruby,Lawrence,1030
dfranklin19,36966787771757,dfranklin19@berkeley.edu,Daniel,Franklin,1037
cwilliamson1a,5580724123306005,cwilliamson1a@list-manage.com,Chris,Williamson,1036
bortiz1b,3532223647864213,bortiz1b@bloglovin.com,Brandon,Ortiz,1033
mgomez1c,4905427001627424,mgomez1c@ed.gov,Mildred,Gomez,1035
ggordon1d,4844330203528511,ggordon1d@auda.org.au,Gloria,Gordon,1027
agutierrez1e,630467258683220648,agutierrez1e@hostgator.com,Albert,Gutierrez,1033
kchapman1f,5602240812852954169,kchapman1f@ehow.com,Keith,Chapman,1033
mross1g,3559259808997416,mross1g@cnet.com,Melissa,Ross,1029
rwhite1h,3583785642096015,rwhite1h@about.com,Roger,White,1039
dclark1i,3539233571964155,dclark1i@exblog.jp,Daniel,Clark,1022
dbrooks1j,3560811530655865,dbrooks1j@smugmug.com,Doris,Brooks,1038
pperkins1k,5893846814840703,pperkins1k@indiegogo.com,Paul,Perkins,1024
dmyers1l,5602214532737986,dmyers1l@google.it,Donald,Myers,1024
pgray1m,633110817354750665,pgray1m@addthis.com,Paul,Gray,1027
dblack1n,5602214069775227,dblack1n@dell.com,David,Black,1022
bbowman1o,3588044919102303,bbowman1o@house.gov,Benjamin,Bowman,1015
rwheeler1p,3564100484305768,rwheeler1p@ifeng.com,Roger,Wheeler,1017
hgarza1q,3547021567087127,hgarza1q@oracle.com,Henry,Garza,1039
lwest1r,3587098534979751,lwest1r@webs.com,Lillian,West,1034
mburton1s,5528468250395739,mburton1s@psu.edu,Michael,Burton,1032
akelley1t,3541246732231070,akelley1t@tmall.com,Ashley,Kelley,1032
jlong1u,5020615027435202356,jlong1u@tiny.cc,Janice,Long,1018
tdixon1v,3543408507214040,tdixon1v@github.io,Todd,Dixon,1034
hschmidt1w,67069640835313552,hschmidt1w@google.ru,Helen,Schmidt,1038
dgilbert1x,3574697128794388,dgilbert1x@fotki.com,Donna,Gilbert,1010
jpeterson1y,3572014277906528,jpeterson1y@twitpic.com,Juan,Peterson,1029
gdean1z,5450454107277728,gdean1z@google.com,Gregory,Dean,1036
kperez20,3529118885120713,kperez20@netvibes.com,Karen,Perez,1010
jbanks21,3556164191621370,jbanks21@amazon.de,Joan,Banks,1025
adean22,3555064729819721,adean22@narod.ru,Aaron,Dean,1010
pmitchell23,36568059435374,pmitchell23@imgur.com,Paul,Mitchell,1037
crobertson24,5602246858675846,crobertson24@sbwire.com,Catherine,Robertson,1015
driley25,4903586784933231443,driley25@theglobeandmail.com,Denise,Riley,1014
cmiller26,3549632990518484,cmiller26@booking.com,Carlos,Miller,1031
clynch27,4041597379296,clynch27@discovery.com,Carl,Lynch,1035
clee28,3587458917150927,clee28@jalbum.net,Catherine,Lee,1022
hsanchez29,3570214403246664,hsanchez29@cyberchimps.com,Harry,Sanchez,1029
jwilliamson2a,374283397155482,jwilliamson2a@livejournal.com,Jennifer,Williamson,1030
krivera2b,3528896636192450,krivera2b@engadget.com,Kathryn,Rivera,1036
cbryant2c,3580793861274712,cbryant2c@desdev.cn,Christine,Bryant,1014
cgardner2d,4175005283364222,cgardner2d@economist.com,Carolyn,Gardner,1035
cjohnston2e,3550061891220865,cjohnston2e@uol.com.br,Carl,Johnston,1025
agilbert2f,3544243006256823,agilbert2f@jigsy.com,Amanda,Gilbert,1034
bcarroll2g,3550454626728270,bcarroll2g@plala.or.jp,Betty,Carroll,1016
amorrison2h,3552141945545877,amorrison2h@ask.com,Aaron,Morrison,1014
caustin2i,3545334038123070,caustin2i@furl.net,Carol,Austin,1011
ddaniels2j,3587294521206882,ddaniels2j@google.com,Denise,Daniels,1023
jrussell2k,4905076016339885908,jrussell2k@so-net.ne.jp,Jacqueline,Russell,1017
awood2l,3559016738131726,awood2l@addthis.com,Amy,Wood,1036
moliver2m,3563599542197722,moliver2m@soundcloud.com,Marie,Oliver,1021
pmorris2n,374622948173587,pmorris2n@webeden.co.uk,Phyllis,Morris,1020
bbell2o,67597631838007128,bbell2o@weebly.com,Benjamin,Bell,1013
jgilbert2p,3573106660605763,jgilbert2p@stumbleupon.com,Joyce,Gilbert,1025
ifuller2q,6304502291151566,ifuller2q@simplemachines.org,Irene,Fuller,1037
shill2r,3583246024214973,shill2r@usgs.gov,Sarah,Hill,1015
pmccoy2s,6759024014977766052,pmccoy2s@webs.com,Patrick,Mccoy,1022
kcarroll2t,3536144739974262,kcarroll2t@virginia.edu,Kimberly,Carroll,1037
rperkins2u,3542471526867975,rperkins2u@adobe.com,Raymond,Perkins,1022
sfranklin2v,3578761901800519,sfranklin2v@dot.gov,Stephanie,Franklin,1011
kwalker2w,4341415094252913,kwalker2w@usda.gov,Kathleen,Walker,1025
nhowell2x,4508768502021448,nhowell2x@dailymail.co.uk,Nicholas,Howell,1030
jking2y,6394142372864133,jking2y@springer.com,Jacqueline,King,1018
jgutierrez2z,5602213280783663,jgutierrez2z@china.com.cn,Jimmy,Gutierrez,1033
bgarrett30,3589026922878234,bgarrett30@surveymonkey.com,Brenda,Garrett,1035
swells31,5602229961366321,swells31@facebook.com,Scott,Wells,1033
ssanchez32,5602256218382606157,ssanchez32@wired.com,Sarah,Sanchez,1020
bhunter33,3530327269083036,bhunter33@youtu.be,Billy,Hunter,1038
tlawrence34,30448424879141,tlawrence34@wikimedia.org,Todd,Lawrence,1019
wnguyen35,3573759383890052,wnguyen35@mediafire.com,Walter,Nguyen,1033
hmatthews36,3563955353303272,hmatthews36@arizona.edu,Harold,Matthews,1010
skelley37,3559561081394801,skelley37@pagesperso-orange.fr,Stephanie,Kelley,1037
kperkins38,5276798005018127,kperkins38@twitpic.com,Kevin,Perkins,1028
nstewart39,3538036762941648,nstewart39@nature.com,Nicholas,Stewart,1015
mmills3a,50188171262561465,mmills3a@cmu.edu,Martha,Mills,1032
wbell3b,5487171326138948,wbell3b@tmall.com,William,Bell,1033
abowman3c,3553082222616271,abowman3c@t.co,Amy,Bowman,1031
jprice3d,0604976154647581,jprice3d@ed.gov,Johnny,Price,1012
bsimmons3e,5521464839596423,bsimmons3e@xinhuanet.com,Bonnie,Simmons,1037
jwashington3f,491109880812260640,jwashington3f@g.co,Jane,Washington,1033
tgibson3g,36126769107716,tgibson3g@stanford.edu,Theresa,Gibson,1034
lwright3h,5610964739936142,lwright3h@shinystat.com,Lisa,Wright,1019
lmorris3i,3579671560298005,lmorris3i@flavors.me,Louise,Morris,1034
mrobinson3j,6767553118786696,mrobinson3j@prweb.com,Marilyn,Robinson,1038
jreynolds3k,374283076674399,jreynolds3k@scientificamerican.com,Judy,Reynolds,1036
lking3l,30432825746513,lking3l@nationalgeographic.com,Lori,King,1031
tblack3m,5217139062111152,tblack3m@ycombinator.com,Tina,Black,1036
jgomez3n,3551021966563747,jgomez3n@mlb.com,James,Gomez,1012
jlopez3o,3579302023118487,jlopez3o@cbsnews.com,Janet,Lopez,1012
chughes3p,3579215997427520,chughes3p@sbwire.com,Christopher,Hughes,1018
tdean3q,6709123610777816,tdean3q@amazon.co.jp,Todd,Dean,1030
dcole3r,561047368996531460,dcole3r@wiley.com,Diana,Cole,1030
awells3s,5018512219537548186,awells3s@mail.ru,Amy,Wells,1017
npowell3t,3552436284945211,npowell3t@cnn.com,Nancy,Powell,1020
lbrown3u,3586587752478737,lbrown3u@meetup.com,Lisa,Brown,1013
brichards3v,58934005803852449,brichards3v@yellowbook.com,Bobby,Richards,1029
sbrown3w,3548429858507878,sbrown3w@digg.com,Sharon,Brown,1037
kstone3x,374288656742771,kstone3x@cbsnews.com,Karen,Stone,1032
jknight3y,3561762078543543,jknight3y@cyberchimps.com,Julie,Knight,1017
drivera3z,30434809876050,drivera3z@earthlink.net,Denise,Rivera,1019
dstone40,56022514036093967,dstone40@livejournal.com,Deborah,Stone,1033
kalexander41,56022355437029360,kalexander41@nsw.gov.au,Katherine,Alexander,1036
alane42,5048373175895808,alane42@vk.com,Antonio,Lane,1035
rarnold43,3565855337304461,rarnold43@histats.com,Rachel,Arnold,1033
afields44,5602234752367981869,afields44@moonfruit.com,Adam,Fields,1031
cparker45,5421294820078771,cparker45@huffingtonpost.com,Clarence,Parker,1028
jalvarez46,3573585367221877,jalvarez46@ihg.com,Jennifer,Alvarez,1023
tdunn47,3561717245086941,tdunn47@webmd.com,Thomas,Dunn,1019
hharper48,4712671378965932,hharper48@plala.or.jp,Heather,Harper,1038
awilson49,3553713231323034,awilson49@booking.com,Alan,Wilson,1031
bcunningham4a,490567001611712296,bcunningham4a@ucoz.com,Bonnie,Cunningham,1013
aschmidt4b,3528453214867531,aschmidt4b@edublogs.org,Angela,Schmidt,1032
wbell4c,201931928340150,wbell4c@ox.ac.uk,Willie,Bell,1032
ahamilton4d,4508080098631360,ahamilton4d@chronoengine.com,Anthony,Hamilton,1034
bdean4e,4041596078567468,bdean4e@cdc.gov,Benjamin,Dean,1026
jsanchez4f,3549185114490015,jsanchez4f@icq.com,Jennifer,Sanchez,1014
amarshall4g,3559871528925509,amarshall4g@wikimedia.org,Anthony,Marshall,1012
tramos4h,675939397216443155,tramos4h@godaddy.com,Tina,Ramos,1037
esimmons4i,564182264332086492,esimmons4i@so-net.ne.jp,Eric,Simmons,1020
mking4j,6394855326001383,mking4j@bing.com,Martha,King,1037
jturner4k,5235812616240127,jturner4k@jiathis.com,Jimmy,Turner,1034
jholmes4l,5602227893626994,jholmes4l@ask.com,Juan,Holmes,1024
kfranklin4m,4844533462279284,kfranklin4m@bloomberg.com,Kenneth,Franklin,1032
rortiz4n,56022317050361165,rortiz4n@alibaba.com,Robert,Ortiz,1028
emccoy4o,564182087074326788,emccoy4o@goodreads.com,Eugene,Mccoy,1024
jfields4p,3557397037063634,jfields4p@smugmug.com,Jesse,Fields,1039
ewillis4q,3569809335305976,ewillis4q@illinois.edu,Earl,Willis,1022
gdaniels4r,3585347491774032,gdaniels4r@ucoz.com,Gary,Daniels,1013
radams4s,3563532391603805,radams4s@nydailynews.com,Raymond,Adams,1021
twarren4t,4733828370206799,twarren4t@un.org,Theresa,Warren,1028
khamilton4u,4903042585339510,khamilton4u@freewebs.com,Kathy,Hamilton,1014
ehart4v,3574796579162739,ehart4v@globo.com,Ernest,Hart,1013
lmurray4w,5427210332033306,lmurray4w@last.fm,Lois,Murray,1021
shughes4x,5602252879567376,shughes4x@wix.com,Steve,Hughes,1024
ajordan4y,3553260402847771,ajordan4y@networkadvertising.org,Andrea,Jordan,1024
egarza4z,5556406658199878,egarza4z@discovery.com,Emily,Garza,1027
rwilliamson50,675926874331715530,rwilliamson50@cnet.com,Russell,Williamson,1036
rjenkins51,3565922764228421,rjenkins51@google.com.br,Ruby,Jenkins,1027
pharris52,3545989301444477,pharris52@patch.com,Phyllis,Harris,1031
gjones53,349483658647290,gjones53@hubpages.com,George,Jones,1024
pmorrison54,3579697456659711,pmorrison54@amazon.com,Phyllis,Morrison,1031
mlong55,3565866991788550,mlong55@trellian.com,Marilyn,Long,1023
rporter56,6767380869617254,rporter56@weibo.com,Robin,Porter,1023
spalmer57,3531667794854768,spalmer57@senate.gov,Shawn,Palmer,1012
phoward58,3533575037719391,phoward58@hatena.ne.jp,Paul,Howard,1032
mphillips59,3571771600185812,mphillips59@cbc.ca,Martha,Phillips,1031
rgardner5a,3560676587389688,rgardner5a@virginia.edu,Roy,Gardner,1033
sduncan5b,3549379448092056,sduncan5b@mashable.com,Steven,Duncan,1030
wsims5c,560225033863862952,wsims5c@goo.gl,Walter,Sims,1029
afoster5d,3550548596808952,afoster5d@ameblo.jp,Anne,Foster,1038
jchavez5e,3534824229401346,jchavez5e@netvibes.com,Jesse,Chavez,1015
ewood5f,6304546669260012,ewood5f@marriott.com,Ernest,Wood,1033
jalvarez5g,30390003805628,jalvarez5g@archive.org,Joe,Alvarez,1031
abailey5h,5602240156179544,abailey5h@globo.com,Anthony,Bailey,1022
dalvarez5i,6334296417350932295,dalvarez5i@gnu.org,Dorothy,Alvarez,1036
ameyer5j,370471592283415,ameyer5j@ustream.tv,Annie,Meyer,1027
